,A,B,C,D
2000-01-01,-0.6240838121496647,2.5411206018281742,0.23962578076986052,-1.5527162609007243
2000-01-02,-2.291721133901759,1.44619147385021,0.48860801661955205,-0.309562763789349
2000-01-03,-4.304340841016103,0.9622643777255009,-0.04323779770508168,-1.7345948710455517
2000-01-04,-3.345045951188938,0.7095122672440924,-1.204222396130691,-1.2714740508036804
2000-01-05,-3.422670906520676,0.18430453437227146,-0.7549506950068248,-1.6124547395587583
2000-01-06,-3.427226043942398,-0.9410784700603382,-0.5432836234012088,-1.7317078013424634
2000-01-07,-4.601272465183414,-1.4303664068191533,0.24306651578223315,-1.5025074983514113
2000-01-08,-4.392723296383116,-0.8151703075672615,2.313874103565509,-1.333591101297721
2000-01-09,-4.15171868366572,-1.6757618809085315,1.9575112888367425,-0.49616238479172026
2000-01-10,-4.0147005449935405,-2.109888078677249,2.326058057995877,0.1901463659279129
2000-01-11,-5.741797186024961,-2.1034581315712098,2.2918519158096236,-1.9111571031071581
2000-01-12,-6.901114268324885,-2.6016494562435826,3.1534742082900777,-2.3640944943841076
2000-01-13,-6.658575108140274,-3.518437927323968,2.5114806452886054,-0.3123828362785175
2000-01-14,-6.688675016869798,-2.826470663663902,2.1837547453630877,1.096306680451513
2000-01-15,-8.009675090732488,-3.2655998592764734,1.671564146618384,1.1744605054234956
2000-01-16,-8.97573727530204,-4.575225502621129,2.3059626648748512,2.8529122560180475
2000-01-17,-10.169085340084118,-5.442854369357224,1.877552205426797,1.4897025217269813
2000-01-18,-10.00245588894527,-6.7447055697643306,2.793061574248523,3.951748210024024
2000-01-19,-10.193712118527518,-6.326779142271243,3.7550953232357447,4.078555101950408
2000-01-20,-9.180227399363611,-5.573132707496528,3.428699000223974,5.472035042955156
2000-01-21,-8.622074010828058,-5.40829244443413,2.820299092512223,4.717288382580622
2000-01-22,-9.064349714329975,-5.3884314254750425,3.1955414323132465,4.52718721487035
2000-01-23,-8.600101817662692,-3.030498133386334,5.011369303246832,5.798501263943957
2000-01-24,-9.672299835540022,-1.7004793112723988,4.5668475774644754,6.504904976891478
2000-01-25,-9.689267205425466,-2.7952277636454936,3.5276934282838788,5.213666164376647
2000-01-26,-10.142647464257093,-2.96708580806134,1.1280368291728986,4.453318934232972
2000-01-27,-8.240338752438149,-2.5196961970844813,2.0855107689112393,3.058201999060233
2000-01-28,-8.845273559281084,-1.0738802162583125,0.5205924177035977,2.8262892263176944
2000-01-29,-10.282107804051737,1.6577366967482088,2.3096515814779077,1.7083257804336804
2000-01-30,-8.277354167297693,3.6759778982651024,1.8557901324105137,2.5330383453582996
2000-01-31,-9.202967789015048,2.6640262275506954,1.8548916034778575,4.158265227363362
2000-02-01,-8.711603136504808,3.392065374413944,1.9985857101358313,2.771386411113526
2000-02-02,-8.67690948157798,2.8585782412143708,1.9136166207503864,2.2037669249181753
2000-02-03,-8.212824045432608,1.393984883442491,2.354442947647866,2.911590384617081
2000-02-04,-7.767243746787535,-0.15379917012264377,1.7736297836977701,2.659709456571853
2000-02-05,-7.403031164180413,-0.2871789043737141,2.8176519602608083,3.101469041351157
2000-02-06,-7.225863805931554,0.250892608127546,1.6581612552630112,2.7612993340785694
2000-02-07,-9.026819778704168,-0.7845768973972131,2.1197385234577935,2.7619736624427054
2000-02-08,-7.982876121056421,-0.4437065263485742,3.1769207013248115,4.3888723455557415
2000-02-09,-6.890645823042438,0.8787011818689558,2.2400014061821,3.3011242184585585
2000-02-10,-6.057193101057298,1.9949891989230095,2.1874106565235416,2.2905703059604634
2000-02-11,-6.106291144692574,2.8970379228281455,2.1716942190773803,3.7809529590453574
2000-02-12,-5.78983231492771,2.4294455715242838,1.3982556999141313,5.317031898341327
2000-02-13,-6.168514746716618,0.9083183073097107,1.9578127196746005,5.316809529591425
2000-02-14,-5.259699036925639,0.6641275937719949,1.1745750574553009,6.909376564089607
2000-02-15,-6.239893561812711,0.14738941415171158,0.6964299599159012,8.257685905203388
2000-02-16,-5.735567225575105,0.20634199649978915,1.8872784744075841,8.027033222260028
2000-02-17,-5.326819456928621,-0.7317941544311145,3.9122900042338964,6.652623014807125
2000-02-18,-4.6902783135936215,-1.8361037880429159,4.639907035662464,5.47204796133581
2000-02-19,-5.380073397809039,-1.1742869494622499,4.7383408680653725,3.810429233138721
2000-02-20,-6.513430402920301,-1.4062012365524588,5.547868914814135,3.1660346886348867
2000-02-21,-8.773357854634478,-2.542760706948703,6.123492828101416,2.5488297609034425
2000-02-22,-8.648374834399547,-2.198446091735935,6.205867910862358,3.2934567464902846
2000-02-23,-9.881970481378875,-0.021111847663914052,6.768026489111091,4.476522240009578
2000-02-24,-10.816682902256654,-0.12056823797384351,7.201281774218119,3.0016717960358124
2000-02-25,-9.849383993470072,0.7788229852056903,7.847658759429265,4.763226563960733
2000-02-26,-9.572231517007538,0.6682253843081295,8.161007290711948,3.4017737580840803
2000-02-27,-7.991161454804221,2.27985342683713,8.469930719126735,2.9843833400067448
2000-02-28,-7.780383174016446,0.35990371080877437,10.593047607496192,3.3645886892682446
2000-02-29,-6.816025775682076,0.4928527847048126,9.432004090871422,1.1044210754760813
2000-03-01,-7.2187129388711115,-0.1384117086692796,8.698349835096394,-0.042507479253830915
2000-03-02,-7.303737645511347,1.0490219538382997,9.281397041972678,0.2899702588776746
2000-03-03,-7.198735053515294,-0.08844041121812918,8.916369999418079,0.5798767389533392
2000-03-04,-8.814536953810357,-2.43933526935888,8.32262315674438,-1.027228414436909
2000-03-05,-8.475598247640118,-0.985971927922072,8.914166543139368,-1.6364650342717648
2000-03-06,-9.57375162516125,-0.5320906606660074,9.087173084089947,-0.4581500765716411
2000-03-07,-9.030807548653742,-0.3756963372143747,9.184876625729645,-0.12495048580863444
2000-03-08,-9.063433570540667,1.4496552855730467,9.44836613655116,0.8481566668136181
2000-03-09,-10.651803930034617,2.0122502902875334,7.481346557782709,0.18513422555933134
2000-03-10,-11.870038001789979,1.4645330332239195,6.059598004716035,1.5649218936975156
2000-03-11,-13.046052716568788,1.0722728567635178,5.986748912370061,1.6486988811258907
2000-03-12,-12.099077033004649,1.137030762686867,8.011464965233984,2.0682406541009852
2000-03-13,-12.905608885867322,1.9375960195569903,6.533182865039391,2.410693348758892
2000-03-14,-11.680973712643867,1.907043319937234,5.291762063519587,1.970884447986418
2000-03-15,-12.746154172676563,1.8396103666388284,4.97438743240827,0.5149040469747732
2000-03-16,-14.143641326406069,0.30568588184682866,5.7116024566899295,-2.0668792440572084
2000-03-17,-14.980963193854778,0.46558402282750216,5.479522028098417,-1.2300231853325356
2000-03-18,-14.323562091070821,0.5090773415450733,6.186559781011341,-1.2507010102659775
2000-03-19,-14.344252373931873,0.858103884205753,6.182645791240837,-1.7043258310162284
2000-03-20,-15.432164393589833,0.6372547001150977,7.309334252252228,-2.69313379332113
2000-03-21,-16.012102160298518,1.8475520931115117,8.619778410236457,-3.2560197745575006
2000-03-22,-15.542801554271538,2.7212550276193292,9.151599950997085,-3.1165157226473763
2000-03-23,-17.672131567147776,3.235534391177227,10.773482402819951,-2.641504478788897
2000-03-24,-17.237792931340078,4.591153037806695,10.53674344934477,-2.3326979567607293
2000-03-25,-16.449774174001735,4.974077563984908,8.720648438896179,-1.4468062061636946
2000-03-26,-17.421665468593513,5.9374494886097935,11.291926173509141,-1.7738347326601784
2000-03-27,-17.27115238748414,5.267192018921638,12.297832125123332,0.31519093408743193
2000-03-28,-18.88803055364497,6.58084500477273,14.02737219786743,-0.7353150078680659
2000-03-29,-17.106132961526868,5.6246345504934805,14.711903067653633,0.5087199665626914
2000-03-30,-17.25960147023976,6.345880584824984,13.924680191921379,0.78607335441973
2000-03-31,-16.693870681010406,6.688368294846077,12.517437957190767,-0.5442557955553633
2000-04-01,-16.583301309638614,6.489439073431036,13.296592822803978,-2.308648319784278
2000-04-02,-16.022945491606183,8.363210079249686,12.716835865437895,-2.0652350630620324
2000-04-03,-14.245884073984262,7.0392493912601335,12.89370809439834,0.45864945500274157
2000-04-04,-13.873013738344058,6.184965696559512,13.833639000640657,1.3576585526738758
2000-04-05,-13.397278331790979,6.872293257338786,14.744718953562497,0.0037879609701216843
2000-04-06,-12.769913803942721,5.931249682521562,15.593951816635384,-1.5605109883770736
2000-04-07,-13.015615879713543,6.781247804093839,16.177808355103842,-2.1825451519606562
2000-04-08,-13.161794001704964,6.51376288320816,16.514208822845422,-1.038197555834524
2000-04-09,-12.577453282376943,6.1160006674229,17.37478650439022,-0.9215455590089938
2000-04-10,-12.607513492325314,5.599471230393139,17.664061153547383,-1.3494898666127932
2000-04-11,-11.670639514323785,5.429517236907507,17.014168382543776,-0.647707697588792
2000-04-12,-12.907931134996504,5.659574020207641,16.8782521577367,0.43636821669998593
2000-04-13,-12.43829630769287,4.779579958338827,17.209506739494874,0.9286681058998192
2000-04-14,-13.970586913903164,5.169766824929287,18.127942218058628,1.1906159704582366
2000-04-15,-13.257124759290829,4.485318268383634,17.673201426115572,1.7133989166244157
2000-04-16,-12.762576762218428,4.828299972589498,17.574705744973787,1.5544081725041057
2000-04-17,-14.07716096660945,3.783049253908964,18.540786988721525,1.0838941942864455
2000-04-18,-13.309151588232133,3.487217591323101,20.79631585140503,0.7083746994147757
2000-04-19,-12.132284988762997,2.756400684349484,19.824337531347382,0.5788980056413856
2000-04-20,-12.793942238152956,3.458802856681163,19.54648637031148,0.3150155810921305
2000-04-21,-12.563965014218478,4.096592778371016,19.919909461536754,1.4268187799049272
2000-04-22,-12.611619506550797,2.7726353565578403,18.349740464822354,0.5582269307514942
2000-04-23,-10.888550879702919,1.7361919340667054,16.979195104220732,1.1410257960861427
2000-04-24,-12.394810257984856,3.112686157860657,17.397739348646166,-0.10215404958467755
2000-04-25,-12.752267880624398,3.809544971454112,17.621906554496316,-0.7535125186791498
2000-04-26,-12.21269228386463,4.497819860894528,15.77792512673604,-3.0545763533592902
2000-04-27,-11.448559873875292,5.24154224903258,16.870190201881186,-0.7820593118185735
2000-04-28,-12.550780362648993,5.547450467176802,17.832108269785405,-1.5789546904876355
2000-04-29,-13.64703169693683,5.1368969163184195,16.08351148351246,-1.969366370399597
2000-04-30,-13.767206353893005,4.41871588800351,16.14222059508833,-1.620998058999231
2000-05-01,-16.788641451476927,4.449680282157238,17.436757003944763,-2.196441146602226
2000-05-02,-18.371105753916055,6.007499810908821,17.87513460716258,-0.794952338491298
2000-05-03,-16.748363807179096,5.634624991977475,18.155042018924703,-0.10580981610175333
2000-05-04,-15.9419140388546,4.892943349821726,19.806644132522617,-0.4600360859091854
2000-05-05,-16.203302533521047,5.927950600899924,20.488868741081244,0.8446881393208734
2000-05-06,-16.039012118946577,5.331105115004308,20.24280620732071,0.6179381139384775
2000-05-07,-16.525331367729137,6.413651211870432,21.83558772395465,0.04419598226014154
2000-05-08,-15.407590098622048,6.900126191134983,20.774478302459244,-0.8675896643023521
2000-05-09,-14.285029798530381,4.895710691929848,20.889063233762847,-0.3746849315960053
2000-05-10,-15.259739051754039,5.777765797561286,21.578885216029754,0.7188335570056168
2000-05-11,-14.546514327533165,6.327676053170681,21.765079114745312,-1.0868850706263775
2000-05-12,-13.293358569421269,7.050662263996099,21.655399421826466,-0.2794217808166425
2000-05-13,-12.33802021521723,7.455923267294483,20.328433391600754,-1.3707233619363306
2000-05-14,-10.419348053124757,8.516782683520997,20.402851213272413,-3.06681005635488
2000-05-15,-8.959164602887038,8.521537278590108,19.948603406740656,-3.155384972852219
2000-05-16,-9.794534350390453,8.070221717087652,20.501825246761992,-3.427347736512355
2000-05-17,-10.591013990182672,8.189391471662963,20.69346782280074,-3.6068676384545904
2000-05-18,-11.339721736331,8.770999008845441,20.738318243517156,-2.3815853979149946
2000-05-19,-13.022387456905749,7.849184503471625,21.461782298006714,-2.85148602179571
2000-05-20,-11.354960375417381,8.499413414194125,22.19742254077612,-2.1081948815921847
2000-05-21,-11.98806364588677,8.899052656045495,21.358574793232624,-1.2631498679383117
2000-05-22,-12.734549058286207,8.227188198139148,21.132143087764998,-0.5236013785094157
2000-05-23,-12.40757121685727,10.477229488496405,21.685215137419735,-0.8225291606431422
2000-05-24,-12.064003872332014,11.85572908645387,20.19024986011476,-0.19326575490773779
2000-05-25,-13.031154495487986,9.7998986841734,20.183341662527667,1.3175150068791255
2000-05-26,-12.154723996585577,9.694044226666737,20.079946638838216,2.3470842994936447
2000-05-27,-12.274000932601583,8.602006095929767,19.900860337410737,3.160446904980682
2000-05-28,-11.067585048413058,9.283512544235156,17.461667543808428,3.1980231822149343
2000-05-29,-11.31227018459622,10.375430849108842,17.398975121146687,3.017056936486156
2000-05-30,-12.202601162479038,10.276331267353186,18.812246159842704,3.5338500018616212
2000-05-31,-10.627833754311663,10.548710065551518,20.919353727468597,3.1349745660026658
2000-06-01,-11.126592888350853,9.458531032275607,20.91550829229702,3.5957353637435117
2000-06-02,-10.245995402667852,9.67592057113627,21.215377800509373,4.497497215818779
2000-06-03,-9.619143477771427,11.112017953895851,20.7348672416313,4.163312771421738
2000-06-04,-8.235485397599422,10.867408397300744,20.34237589845346,3.729640696454807
2000-06-05,-7.202653745087967,11.665207980719956,21.664865772794247,6.077704377458593
2000-06-06,-6.475606003695136,11.145823433335341,21.217014861952688,3.996057507098246
2000-06-07,-6.2644745721343735,10.833528584344252,20.963813185402525,3.758816476153114
2000-06-08,-5.459201285095059,10.490060761245507,21.31183642372402,4.5889421019516385
2000-06-09,-6.908428261503438,9.954308603674336,20.99264992891982,4.593043354798181
2000-06-10,-6.784368025340429,11.438696405256772,19.848803483683692,4.336059481115107
2000-06-11,-6.905770892070248,11.90907237854895,18.894855510959243,5.073384191517551
2000-06-12,-6.879864726331218,13.718175790593635,19.265375866890764,2.6820877325597405
2000-06-13,-6.982607491460349,14.17165186618172,20.402239540451255,1.6905888622893543
2000-06-14,-5.9475317022072645,16.81105181769906,20.57850104363525,1.8930878887854947
2000-06-15,-6.907761011750108,14.067926555348116,19.452003117265104,3.3885642978207837
2000-06-16,-8.120804767537972,14.946347395279153,19.75027796531511,4.281646057421201
2000-06-17,-8.172812605797812,15.605903415316838,18.17132765550461,4.9626507077509485
2000-06-18,-7.398265818174844,14.224948526668449,18.499184421775173,5.119327925840725
2000-06-19,-6.433019017756839,14.042975213125265,18.339155500188678,7.247196172665383
2000-06-20,-6.741524519950482,14.148620363398392,17.450356152673226,8.742284178314971
2000-06-21,-5.294992337690689,13.299477353114229,17.609313116699298,7.4488016404041835
2000-06-22,-5.304914365355899,12.213966256930803,17.049148250809818,6.359612412582947
2000-06-23,-7.137248234168165,12.182075590059753,14.44187152632416,3.7893107051389574
2000-06-24,-6.1044771837148115,12.052155356405644,12.212926447713018,3.9834684025688225
2000-06-25,-5.478991526716395,11.814216952545081,12.796467830125374,4.997050847432443
2000-06-26,-5.142733097794075,12.529888224008396,11.229279697783085,5.873643526277671
2000-06-27,-6.53324493691111,13.163818268101231,10.496499803686815,6.875792139537458
2000-06-28,-6.779719369812312,12.810129770810413,10.579253974380878,6.669169096203592
2000-06-29,-6.221613994938964,12.702503478325513,11.170863973837559,8.000712941827675
2000-06-30,-6.735698938257519,11.947351400843715,10.990390742133668,7.441359441748256
2000-07-01,-7.5698987510339135,13.231386920971762,12.969018244482019,7.445038839778014
2000-07-02,-7.49963768116401,13.78082029553538,13.139178518348638,8.1958974362902
2000-07-03,-8.56602736316023,13.887302504763896,14.112407425556372,8.883079920955762
2000-07-04,-8.79249790702175,13.609736075438684,14.789470112317217,9.480292595816238
2000-07-05,-10.18937817311507,13.512084292097914,14.026370826236423,9.245594999435907
2000-07-06,-10.56024067311098,14.004999133639686,14.678070069632074,9.353937649272117
2000-07-07,-11.227282775060582,14.841645910108555,15.352267392430024,8.39518402340837
2000-07-08,-10.720867674573627,13.520968520643004,15.30671137490459,8.149197026681474
2000-07-09,-11.815507367341084,12.742226541301166,15.483094623395083,8.659484329859279
2000-07-10,-12.178001074073169,13.420860204882127,17.236042749782413,11.280129702487041
2000-07-11,-11.558560811199074,12.938046209194676,18.19152788957644,9.15821833389262
2000-07-12,-11.867679772248877,13.614203555026853,17.129562060041184,8.56384576648787
2000-07-13,-10.568593553343424,13.218844921023505,16.63083236809323,7.18814797529787
2000-07-14,-11.169439727914439,13.161341454667154,16.8675487512139,6.9959769313417945
2000-07-15,-11.388506393415096,13.617738996221494,17.25792740410814,7.195397606518527
2000-07-16,-12.627755570985796,14.989228316706347,15.552480815303976,7.008213924329486
2000-07-17,-12.279911098472096,14.62997107817176,14.286895468707186,6.675690818627692
2000-07-18,-12.835380658019272,14.417002464114478,15.081389742839331,5.5544072095045465
2000-07-19,-13.311809372430028,13.474442490279861,15.58033404989745,7.228943164646556
2000-07-20,-13.349605423874257,12.146269973837029,15.97573938454057,7.314595578420104
2000-07-21,-12.224688921390257,11.67492345490636,15.841095637239793,6.196571991209392
2000-07-22,-9.972129596757476,13.40657968229944,16.18309457777601,6.728947910791747
2000-07-23,-10.530646540250045,13.678028107869242,15.674876195237639,7.786560109376493
2000-07-24,-10.575797582011978,13.365699895695435,15.539924208879828,6.280781621733846
2000-07-25,-10.407359414876149,14.531999063337722,18.34121110121631,7.42150953964839
2000-07-26,-10.167535921322267,15.704067744686974,18.03157353970181,7.441909897206459
2000-07-27,-10.071879151115027,14.178901264172163,17.300146517836517,8.368367651713683
2000-07-28,-10.799380799334614,14.039215064084647,17.689636736625605,7.784638742371611
2000-07-29,-10.565091482309274,12.775586766817797,17.37372040787588,7.153411375296039
2000-07-30,-12.418198510209216,13.53004166805625,16.56356965844833,6.438255954280923
2000-07-31,-12.785077014809668,12.714992532472388,16.27551362639041,6.405483014863628
2000-08-01,-14.054150457649206,12.449977056883613,15.647363071822959,5.873190367361924
2000-08-02,-12.29723692887639,11.801937628957585,14.784970322836415,5.740613740201566
2000-08-03,-13.306464419941776,13.109733737563992,14.466634545243856,4.920810564394792
2000-08-04,-14.42994059484345,14.21036263481264,14.547325338018869,4.112465670855195
2000-08-05,-14.066923302976955,14.011546924304351,13.586942021286353,4.902184275489492
2000-08-06,-13.042462595341595,14.071007322757348,14.314522293066432,3.5995331444335585
2000-08-07,-14.059707478856641,14.794044093172008,13.042988895004136,3.144947724939501
2000-08-08,-14.256520532904691,14.049674468519413,12.284535457091177,3.7277498441095887
2000-08-09,-13.823970592502201,12.83474597230904,12.591669817223911,3.6786797697134768
2000-08-10,-13.424458583428539,14.053162767952266,11.472536446184497,4.997941486665722
2000-08-11,-12.566320645176445,13.679753300289205,11.856157635049701,5.222486021164375
2000-08-12,-14.35789402425251,15.0788314260592,12.095547873869759,5.958418727219816
2000-08-13,-12.887251801965576,12.887654819311713,12.149712575750662,6.370302125522493
2000-08-14,-13.261557156090408,13.434018537143292,11.691977351734865,7.652613351583674
2000-08-15,-14.27713866351138,14.064094512815812,12.008646678427757,6.013346721282356
2000-08-16,-14.178153483321621,13.968452141415604,12.293281483300488,5.056864136192215
2000-08-17,-13.179687281774324,14.05183348718875,11.49667251094838,3.148569433496995
2000-08-18,-12.212894520548971,14.774968596218944,11.330009948557501,0.580764023500167
2000-08-19,-13.005044246498905,12.709809414996414,11.271935528932785,1.9781263445131503
2000-08-20,-12.289340289710747,14.236759677355678,12.230005016434937,1.644571336926592
2000-08-21,-14.730617702807251,14.284017809946363,11.734378169489698,2.652656026627135
2000-08-22,-15.326061275176475,15.912238579538194,11.210155397155217,3.7740431576692517
2000-08-23,-14.447480138883263,17.359899833591292,9.826326082061698,2.0218262990906473
2000-08-24,-13.730852668570698,15.719380041894354,9.409277063133597,1.2061657651912068
2000-08-25,-12.992635617855614,16.630301059950465,8.034310084374267,1.7268162105934208
2000-08-26,-13.125906436367265,17.007742942082192,9.427804786320843,1.70248030523417
2000-08-27,-12.365911034400193,16.453369426676343,8.943947371407877,2.727174292800501
2000-08-28,-12.447594488474904,17.127656071628156,8.749007963734298,2.2356348009382203
2000-08-29,-14.00069707813933,15.355846640242198,8.965496101489993,2.442035334907635
2000-08-30,-13.904589052236295,15.349360870522283,7.412876512958789,2.756118104649146
2000-08-31,-13.361037192939339,16.278027494889887,7.681595075530109,4.774162173538551
2000-09-01,-11.725721487521314,17.352332642081546,8.4436177587068,4.306256444961951
2000-09-02,-11.575573977348864,18.383723848620917,10.261710803605704,2.2442929814934542
2000-09-03,-12.875388860587938,17.12534967052032,8.219697036666119,2.966270220750034
2000-09-04,-12.746906212014302,17.557592713724976,8.470092429256239,2.2172244775154124
2000-09-05,-12.464405189696429,18.27767197679246,8.439754882149797,2.5294028818403556
2000-09-06,-11.310317864887816,17.34314042222531,8.533009735264768,1.0462134500686615
2000-09-07,-10.182945705991017,17.490103634937377,10.369850817369727,1.090512087415906
2000-09-08,-10.46247812606382,19.83227834495937,9.920565368446486,2.948676614021171
2000-09-09,-10.240367637283185,20.053579064612087,9.706670370104296,2.772424878336143
2000-09-10,-10.314154092334865,20.157226336799273,11.462516262387226,2.65287026599019
2000-09-11,-9.406425441737326,20.504206526481564,11.424331084187651,3.0605609204657513
2000-09-12,-10.43863461757035,21.171605700272497,11.6874718970159,1.945849583268002
2000-09-13,-11.390888374297576,19.82325262572587,10.544597820537382,3.1728021706538385
2000-09-14,-12.016938548930893,19.222618141068192,11.281802646806714,4.118833575623091
2000-09-15,-12.321784815093501,19.20511020986228,11.593686569893494,5.578108647799192
2000-09-16,-12.784367234849505,19.17243808705076,11.315209995612658,2.4568716258315306
2000-09-17,-13.105987985796398,20.478775704981228,9.647272285883593,2.5234382270260562
2000-09-18,-12.717297400355568,20.95691246516651,10.34967807521462,1.6209784465719417
2000-09-19,-12.446373350620876,20.39375414603802,11.714906137303894,0.9491420035553638
2000-09-20,-12.011140783808504,19.31041790069504,8.701220878303975,0.229962913781823
2000-09-21,-13.274820166719856,18.92984314688953,9.774618869457845,0.5388646995064598
2000-09-22,-12.751044692784735,19.32573402249757,8.835123191767492,0.6601848675529179
2000-09-23,-14.330316272333553,17.713260704565776,8.661226357293955,1.2336279809107782
2000-09-24,-15.23704179163426,17.22509360455131,8.770010925891789,0.9505321324857163
2000-09-25,-15.540777640066505,17.0085418441759,8.015147846322655,-0.7145510206003871
2000-09-26,-16.032088204699022,16.871533825756657,7.689091339531108,-1.009772535526396
2000-09-27,-16.25585188471307,17.688913736097028,8.890271477749657,-1.506065357635642
2000-09-28,-16.626774300433695,16.04842600749797,10.483070107948105,-2.4904407520908323
2000-09-29,-16.86019742678544,12.96857759316985,13.017819681227737,-2.710880544571049
2000-09-30,-15.8772040899642,12.756122532083143,11.671373390455377,-2.1027591876398875
2000-10-01,-15.482112672128332,13.046426450594064,11.936050810999017,-2.6730866441287167
2000-10-02,-13.722865213026232,13.27290780330998,11.618422416921124,-0.4593405379390356
2000-10-03,-15.116900292665724,12.15188548496675,11.95850507846046,-2.5973380399165777
2000-10-04,-17.181066505596625,12.912510118759393,12.783431610405952,-2.58610292778911
2000-10-05,-16.758595235539694,13.362432407986159,12.02640004800649,-2.660696182550649
2000-10-06,-15.982192334730026,13.039817831605916,12.189699583464993,-4.468073646957642
2000-10-07,-15.976692921750564,14.16681998828058,12.059020386952934,-4.271223758630633
2000-10-08,-15.84204068575906,16.527548523691678,14.674913103723092,-4.302685603015381
2000-10-09,-14.287647269968861,15.24928446917013,12.62440741843746,-2.4061186870227065
2000-10-10,-12.237251945992,15.707403636551119,13.079986108338664,-3.127404518495979
2000-10-11,-12.580291604355768,16.086048064391214,14.268429941327675,-1.4616116836860304
2000-10-12,-12.960478687544112,19.125464805944244,14.546357246969777,-0.832403764715439
2000-10-13,-12.401039919778745,18.24747890073799,11.939273213299547,-0.2926484949219871
2000-10-14,-11.931621184406197,18.16682289533152,13.326565132593018,-0.4611089353784894
2000-10-15,-12.782724936706993,17.891652396491555,10.434115045977578,-0.756575833611745
2000-10-16,-12.901494306196355,17.200992374805956,10.595507766200608,-1.6285851942722753
2000-10-17,-12.736122476513389,16.844921137114106,10.629054819995753,-0.6410741768011546
2000-10-18,-12.08985197014527,16.64947534426158,11.352347638311372,-1.0958309680368554
2000-10-19,-10.148166995558151,15.912519913144763,11.125791030918482,-1.859862888767168
2000-10-20,-8.950984438497768,15.183707517746852,11.203740017367238,-1.1090185569499993
2000-10-21,-8.746763063047798,16.075133977460393,12.578988309455108,-1.7722491077613887
2000-10-22,-8.366656049557045,17.732166351996586,12.68895269535423,-2.4335027779825564
2000-10-23,-9.449134157817422,18.927952452699746,14.05925817482143,-1.5483484630183812
2000-10-24,-9.85254275540399,21.129548336400866,12.833833819705575,-0.07960251509194483
2000-10-25,-9.216415913251643,20.980288614156297,13.442669410824896,-1.3527578156624411
2000-10-26,-8.15447834553656,21.608654141295048,12.917438312556552,0.23287011055608886
2000-10-27,-8.172671496563122,21.773852556423527,11.897926583373469,0.041450708596936225
2000-10-28,-8.98944997446702,20.735470473846657,11.506209943181478,-0.7682276228408312
2000-10-29,-9.849332745649896,21.250232321114424,11.178143597042778,-1.1861058882206557
2000-10-30,-8.645208421809922,22.705782106458688,10.934539825184496,-1.6642524582890168
2000-10-31,-10.115331825421856,21.334107880333157,13.701548454623696,-2.4276916806095805
2000-11-01,-10.014976665746707,23.628277586143312,12.943866376388259,-3.492007779545145
2000-11-02,-10.555502320606909,24.008049196004222,14.098961219149425,-4.181093866114423
2000-11-03,-10.144395936161747,24.30853348299067,13.211066907217393,-4.339847651448475
2000-11-04,-10.22402729263542,23.503597951663302,13.695976129664787,-5.012696425782525
2000-11-05,-10.558796311423563,22.735489226085456,14.25809639268784,-7.574151633370098
2000-11-06,-10.880127867576046,22.918737262660006,15.279350213637857,-7.2205001621162745
2000-11-07,-11.711572324017613,23.697660927009213,14.633406306431018,-5.963100262086642
2000-11-08,-11.061341355664297,24.67273600264287,14.899672207276422,-4.823677660522624
2000-11-09,-12.477846572634437,25.54866824192405,15.02880968543798,-4.435625098242868
2000-11-10,-12.842904299978755,26.173478192670114,12.069405128180193,-3.3718109067589186
2000-11-11,-10.82815188405753,23.728225356594066,12.962820980585898,-3.5854541789439662
2000-11-12,-11.389206512348656,22.77058860916361,13.613008008646881,-2.484565550751301
2000-11-13,-11.03041561105279,23.260012329069834,14.57388518567937,-3.723684590425257
2000-11-14,-10.681231036082767,22.92534627241175,13.772911473488666,-3.8201071187811335
2000-11-15,-11.34393904569564,22.577990106670683,15.869739384536707,-3.7506118062093687
2000-11-16,-12.194556171028337,23.085114876730305,16.1253214380579,-2.9751337755171647
2000-11-17,-12.766860561018396,23.517232917223186,15.560789060451995,-1.6599374951410488
2000-11-18,-11.606393703761825,22.916492644063826,15.316571364283249,-2.231619562882339
2000-11-19,-13.793729094525776,22.031506021437032,16.70516864904257,-2.9693731264108445
2000-11-20,-13.674696221998607,20.697074470471616,16.290463043587106,-3.4982189254237133
2000-11-21,-12.088832566831062,19.243905636533096,17.228609258744974,-3.4330986630178857
2000-11-22,-11.408751348285227,19.2592414728817,17.483916108204827,-3.834961966522306
2000-11-23,-11.342365277626637,17.95060209492073,17.417361205727946,-2.034130821074784
2000-11-24,-12.595931643381252,17.562526803745257,18.52180978644206,1.0277076406534618
2000-11-25,-10.109793594431554,17.41780229794699,19.314448627668767,0.39913016454843964
2000-11-26,-10.396100934043506,16.96588041997962,18.54243509172813,0.6469545890904737
2000-11-27,-9.256990622743979,17.16389317787374,17.801832017917903,-0.43782534225892566
2000-11-28,-9.842955941456935,15.77990857835746,18.44898493004386,0.17977497886636407
2000-11-29,-10.099488848736568,14.390758137616897,17.01110746823302,0.7902696381701879
2000-11-30,-11.02725070907195,13.549774051370923,16.413987244900397,1.1892150951220777
2000-12-01,-10.181558536830527,13.315847376295178,15.171856450083446,0.44329058982700253
2000-12-02,-10.527555075517203,12.680219558784785,13.76482957690715,1.4216132117903675
2000-12-03,-10.807042223620927,13.504143847463553,14.08489691963079,2.05874433795137
2000-12-04,-10.947219397615747,12.559647967646008,15.122885834583288,3.9836638611031256
2000-12-05,-11.398255447861638,13.186127208306086,12.80661052430479,4.74369459829135
2000-12-06,-10.817092024958951,12.58184808104326,11.433891185581635,2.481516997873869
2000-12-07,-11.23087131014762,12.541466928649532,11.773579314580294,4.480546357477101
2000-12-08,-9.97536606317307,12.997249638027943,10.9129207265416,4.386395026695892
2000-12-09,-10.933883866990383,12.743546114744777,10.53966017584191,4.59859656853598
2000-12-10,-10.334895050682622,12.286470468460504,11.38727777177217,5.8999360566354895
2000-12-11,-12.214004222383487,13.121157695116972,11.365636368955105,5.455207590771059
2000-12-12,-13.264833317710657,12.751515429359536,11.563001970511596,4.329219983812489
2000-12-13,-13.102340166192663,12.485999298416226,11.949616130936112,3.2629025965024328
2000-12-14,-13.059340023318148,11.706050522800583,10.724212277514148,4.072546256105088
2000-12-15,-13.362568212069647,10.676787559470835,10.75778304741398,4.176158326014142
2000-12-16,-14.172127199807488,11.669773078636721,9.608899393660616,4.172830758564116
2000-12-17,-14.346314681649803,11.556687484190066,10.302784758134925,3.2161130016607116
2000-12-18,-14.550280631191061,10.260092615723106,9.340746518583938,3.434820476937882
2000-12-19,-15.844204892490737,10.693911926524233,9.314986925214075,3.4603336541672034
2000-12-20,-15.573820994199025,11.332012299714126,10.233803586855934,3.018122708218541
2000-12-21,-13.74357575165706,10.809038992450835,8.819090542542689,1.981629618475595
2000-12-22,-13.809169917666193,11.205897402371104,9.138560758976908,0.9090994570511277
2000-12-23,-14.391494284127138,9.72024254755366,8.305656841857378,0.969957436727377
2000-12-24,-15.460270924836944,9.200736567263219,7.621903446202846,1.4783268035330774
2000-12-25,-15.076193708221048,8.404730905060886,7.008817072903481,2.2570569595281915
2000-12-26,-14.186612054978081,8.580689322970684,8.299511488077442,-0.19157002076493823
2000-12-27,-15.07104003693182,7.796275505856369,9.740979072254401,-0.02191550820310545
2000-12-28,-16.787703228937474,7.825949872831206,9.533536809470972,1.4631734530526679
2000-12-29,-17.125790319065324,7.595158999527242,8.936330046853183,1.5630566948686686
2000-12-30,-16.623490221451835,7.3854132877472285,10.22092865767942,-0.7509336306480796
2000-12-31,-17.464129904521,7.3450306781597465,8.686025724169912,-1.4130834536992023
2001-01-01,-18.494797990016057,4.992196297454633,6.602221594179031,-0.11207259233934086
2001-01-02,-19.556119412873127,3.615795475544335,7.502463592779283,-0.3630233221948448
2001-01-03,-20.536728702917447,4.545509422777855,7.767051589307855,-1.0630869965283827
2001-01-04,-20.687414657286354,3.7107831990443554,6.349879076105526,-1.7037999607602934
2001-01-05,-20.725780266743417,4.444852140425561,6.631575415121788,-0.23478660782377458
2001-01-06,-20.55846160893859,4.131508615839105,6.099254747958119,-0.2462569609485466
2001-01-07,-20.113133242670745,5.825773389826775,3.9646441050721513,-1.8418902136846964
2001-01-08,-21.64141364397773,5.7684887458076695,4.290314929536511,-2.5361963325874664
2001-01-09,-22.995861494725936,4.121241390537181,2.3430958643597903,-1.4812473315523795
2001-01-10,-22.25012817198634,5.312908088883053,2.0340471133568263,-0.7322120968477374
2001-01-11,-22.674486781609332,5.013436647218853,2.4518369183934614,0.3235876521201383
2001-01-12,-22.83590597775661,2.985393975213645,3.650003758237878,1.5421669805686289
2001-01-13,-22.468215947843476,3.79256738372529,3.3665552255077174,3.339695118259718
2001-01-14,-21.572966494286053,3.4547615513151295,3.3114867647423267,3.7600871397763784
2001-01-15,-20.8266249500728,3.826376876668258,2.959554186566922,5.27102934362772
2001-01-16,-20.62818671651939,5.928455758671428,1.741039934551495,5.374126970745746
2001-01-17,-22.206034688265753,5.989876629639032,2.8286287873154787,5.130227285895683
2001-01-18,-23.796216780555024,5.439989714956227,1.9529837853211434,4.843005057529352
2001-01-19,-22.657564268224547,8.208218621680023,1.7090866246893075,5.109174162322938
2001-01-20,-22.300322463346234,8.42333452931713,3.3968671389104763,4.60859436260452
2001-01-21,-21.410819364062075,9.456520530311021,3.914650018840204,2.946657464288476
2001-01-22,-22.07802599394868,9.977834725020957,2.579571712531207,3.100396578540533
2001-01-23,-23.038964138841564,9.106228709792557,4.343576261737382,3.7970239371598153
2001-01-24,-22.063180265673815,9.145151291342929,3.950886681873573,3.8484403723509404
2001-01-25,-21.076131519985726,9.666802841604595,4.500678913775647,3.6974403457681464
2001-01-26,-19.577707017262515,8.657796833557518,2.902290451325662,3.0446487570371112
2001-01-27,-19.599890424614728,8.752468748077952,2.5080990688656177,1.976009462486341
2001-01-28,-19.61545734349052,7.235120163047824,3.2330354730893953,0.7891263659315022
2001-01-29,-19.476501987591593,6.877328462695072,4.049201397437175,-0.4117102148833234
2001-01-30,-19.642546701688694,8.907307766675824,3.134108027321594,-1.165324685900544
2001-01-31,-20.187006398695047,9.091775318986855,2.3508366061092048,-2.3585985248333756
2001-02-01,-22.51107380499805,9.605810813812928,2.1616708532400137,-2.173441937855075
2001-02-02,-22.635868172765683,10.598436331445189,1.2985702503162453,-2.8843672655436317
2001-02-03,-20.446245592015305,12.187242616297908,2.92998944584092,-1.1549258610849429
2001-02-04,-19.554123414953935,12.134356581284312,1.3915866266579258,-2.3903152699386645
2001-02-05,-18.573029092953487,11.233466458121969,1.493913869193552,-0.9403165183143416
2001-02-06,-18.335627104160356,13.828806491301872,1.2951290681963301,-1.4530218843519402
2001-02-07,-18.419143280428738,13.880980249626518,0.8274490826729667,-0.49332864873593496
2001-02-08,-19.23383126499201,14.366431823461037,0.911939922661017,0.013974113547810307
2001-02-09,-19.266024515330265,14.293913924265476,0.33121932751401284,1.6809375106510371
2001-02-10,-18.835951520344885,13.356217035182105,0.25037717804027454,2.595561388527027
2001-02-11,-18.099284965374054,13.467835534388609,0.40328698910469774,2.7893031979617557
2001-02-12,-17.692366686754724,14.446833733544375,-0.21530567410629098,1.9920296371539545
2001-02-13,-15.96096833272729,13.288806090796495,0.5411385966094298,2.481619673023436
2001-02-14,-16.177403174600354,14.81280052270334,0.4176681276764466,2.958672734675712
2001-02-15,-16.06373339266575,12.932693828306085,-0.42941097715637394,4.152957930766521
2001-02-16,-13.825294056007863,13.169998122313022,0.4305459393583168,4.799243689445296
2001-02-17,-14.646780681315771,14.408248003840239,1.2398499590547243,3.9751981773233513
2001-02-18,-14.376693929166118,14.269340526984248,1.6165031570000874,4.314173484798527
2001-02-19,-13.750305131811812,13.02795349157611,-0.19461990685006825,4.268947666938852
2001-02-20,-14.327288867496758,14.357123678827016,-0.53689983877456,3.147716180511872
2001-02-21,-13.574205646938026,12.599157063405777,0.5851420556721334,3.7729516774285896
2001-02-22,-13.927965679249056,13.68539565819406,1.2643210550201651,2.670812106388089
2001-02-23,-16.580201484732477,10.961187520397466,1.3192338929394327,5.387480261265354
2001-02-24,-16.823658007512662,11.062013959306983,0.1617841519013179,5.167753786728475
2001-02-25,-16.416244067582006,12.710408789435336,0.9051286995175897,5.838814040400802
2001-02-26,-17.132805711230404,13.956463769429096,0.6817769311462838,5.698303274625464
2001-02-27,-14.498444207329594,12.391055853019223,0.13337185450361033,5.633063603158894
2001-02-28,-15.380914439685636,11.668923248832524,-0.6603172699169236,5.889697309674196
2001-03-01,-13.889981212244535,11.826205226768264,-0.6294204974335524,6.375887189888058
2001-03-02,-15.00453770463268,12.3764485472611,-0.337993669896877,4.764056381029869
2001-03-03,-12.880218930316111,13.168039976291075,-0.5482743794174385,4.291592111273974
2001-03-04,-13.603523255556176,13.686117968360803,0.751836324145355,4.302189760545277
2001-03-05,-14.060407846661983,14.853844445019227,2.3539455466377603,4.292986208280032
2001-03-06,-14.5326493340323,15.563115265742208,1.8338694329966287,3.4585093705067305
2001-03-07,-13.543564102275743,14.529829426708641,1.271495269547649,3.855871058224591
2001-03-08,-12.863758579349462,14.405478951844618,1.0959792413523866,3.506400620544836
2001-03-09,-13.438937979140713,14.583544204786627,1.2493224273719485,4.091882950056591
2001-03-10,-13.597696593588568,14.35574458449873,1.9686724990612592,3.8506084048813682
2001-03-11,-13.667158251578213,15.312593167232945,1.110812208701383,2.892891501868894
2001-03-12,-14.594651245547833,15.028823363079441,2.011955101015415,5.070520043660689
2001-03-13,-14.026758774253869,16.322398797265897,1.45677921519976,7.0430147676041095
2001-03-14,-13.32477625194501,14.569669554216343,-0.5380375212055111,5.985643911966992
2001-03-15,-13.927543563887323,14.59392438014774,-1.3303045606584099,4.239126179753622
2001-03-16,-13.465924387239578,13.329993906415895,-0.26520531564183614,4.120783043774916
2001-03-17,-13.072989923141003,14.278837137281194,-2.6975797817834812,3.233175249377495
2001-03-18,-13.390098530458145,14.906030182476107,-2.4759741057713196,2.5574035991469546
2001-03-19,-11.691172177836723,16.395124186752533,-2.224110265941894,1.9928740486542023
2001-03-20,-10.301942504293446,17.363580379651467,-3.0246019971653277,1.3856847864984776
2001-03-21,-10.131710495386303,17.82793080673598,-3.414070289480682,2.5946358485258623
2001-03-22,-10.927780457016427,18.297026197699317,-1.4949115580150727,1.1195039486379248
2001-03-23,-9.751800025846844,17.530147323617154,-0.5666176550765583,-0.56320577172961
2001-03-24,-9.7287176522661,16.714007003828552,-0.9213922402590498,-1.1791786026507478
2001-03-25,-9.129851974119843,16.71397700842599,-0.777552239226856,-0.5783297804743674
2001-03-26,-8.773690970765042,17.8912980123608,-0.9859355119120568,1.4760532898419751
2001-03-27,-9.15362594733016,17.95834738128093,0.5594355790248182,1.4610324808648216
2001-03-28,-6.134655951507971,16.319062638883572,1.4275590381932082,1.4168132661935329
2001-03-29,-4.98550697200361,16.368517753512396,1.5974353112928872,0.47673664286567596
2001-03-30,-6.153247344574189,15.300779065489166,1.1073824408519868,1.071957720008929
2001-03-31,-6.33528982847672,13.14213201644221,1.5197737029702378,1.242343749010319
2001-04-01,-7.394711702264337,13.893404514923978,1.0721973848951112,2.431237093136513
2001-04-02,-7.978512845001792,11.545213349147035,0.24146056182733877,1.9114976094034253
2001-04-03,-7.585892458706674,10.802015726876245,-1.0608773673947547,1.7046335535515602
2001-04-04,-7.029820412144334,10.294172180594305,-0.4366668509476913,1.9167385200400715
2001-04-05,-7.5691870067156115,11.237223282566884,-0.46486910768869316,4.233176995243539
2001-04-06,-7.6822507347617135,9.737778892278387,-0.8717622879780584,4.373715756380931
2001-04-07,-7.330231482274093,9.576603926215276,-0.09870811540672264,5.422733166397639
2001-04-08,-7.1074729041108125,9.832023249895498,0.9319866672588393,7.764535157223474
2001-04-09,-7.105894437866292,10.142294323542405,1.1208464491242907,7.685074865839916
2001-04-10,-5.821958624094264,9.802017460139894,1.2648729427548557,9.234663173853106
2001-04-11,-6.070012610060641,10.991866339568192,0.11141154916605278,9.202010039006367
2001-04-12,-5.880229448219054,9.000834307724308,-0.8012874554151165,10.484064117526227
2001-04-13,-6.206997449339286,8.86789513592009,1.26621900341457,11.768126678378055
2001-04-14,-5.708430984268009,7.261337012409676,1.0058185574957563,11.382255903881529
2001-04-15,-5.077143217934519,5.501488082522396,0.9788223495071479,12.589981106594372
2001-04-16,-5.366609550270773,4.701281341296967,2.499414271289305,10.981267182801144
2001-04-17,-4.429319252422293,5.133943117676698,1.0746909351541953,11.037414062288006
2001-04-18,-3.7953347479036763,5.492299386986522,0.12902936824670963,12.170875054662607
2001-04-19,-3.905453712091771,5.513795114330451,0.3838831871044679,12.355838031854221
2001-04-20,-4.927873207969949,5.251546277997155,0.2982112550370589,12.343370363888974
2001-04-21,-6.451837013159675,3.8532233797641893,-0.8342046758338001,11.507818970502173
2001-04-22,-6.358926537752064,4.836043079540025,-1.349424824992957,11.858570611904963
2001-04-23,-7.605822132247238,5.143828574708436,-2.0335699087371846,11.545945666889876
2001-04-24,-8.225219705690073,3.134135628302822,-2.5516230528086505,13.291114745162275
2001-04-25,-7.498868953374024,3.628863667978254,-2.0383207794326506,13.414648410716806
2001-04-26,-7.177508431805193,5.0344092026101475,-3.4653802613224762,13.793955642362398
2001-04-27,-8.416315588498684,5.29210791797428,-3.022339322273768,14.101418527632658
2001-04-28,-7.47178204696487,4.733236453176824,-2.0856520488128876,13.400607382415895
2001-04-29,-6.1631060202848165,3.772536085692623,-1.1379907827381945,13.247443100596378
2001-04-30,-7.004615309138739,3.3982576112736766,-3.753346728590654,12.18812758591585
2001-05-01,-6.082751890415073,2.56697060633193,-3.079860107940255,11.469241230585444
2001-05-02,-7.6085211271388316,2.777805987505866,-4.685358212642273,11.110526758172217
2001-05-03,-7.696775561829048,2.7176394108917687,-4.553220594375547,11.939739174221135
2001-05-04,-6.897138229714937,2.2452272041914867,-3.882604130016327,12.035964351131533
2001-05-05,-7.889180452634014,3.622988169662542,-6.381214606305351,10.992901461437318
2001-05-06,-6.641276702661914,3.8656825906555197,-7.339266668663046,11.333079087335513
2001-05-07,-6.603227718973367,3.7362174242111776,-7.610163049990267,12.02342821233078
2001-05-08,-5.575071442137585,4.509663797008231,-6.72827326382364,12.936960167456851
2001-05-09,-6.652531366902483,7.358680417954655,-7.948523757083899,12.198104241674312
2001-05-10,-7.716820008843206,7.210957997192865,-6.903116784768816,12.721407281061232
2001-05-11,-9.490042625718456,6.058316041209032,-6.56516897875693,13.227124887238336
2001-05-12,-8.964665962953749,7.912529117962358,-7.46951246492011,13.712188722596796
2001-05-13,-7.344188832849573,8.802572575620937,-7.906106190643387,14.581725084311264
2001-05-14,-7.163143075270062,8.795311380962401,-7.889584487630714,14.544479305999182
2001-05-15,-7.592971203157958,9.40552541234928,-7.767590169368339,16.085791230634502
2001-05-16,-7.408141207070862,9.256948438360315,-8.501798831460178,16.314711229615366
2001-05-17,-8.910555267748332,11.973924607885142,-8.559314947801365,16.96633379568941
2001-05-18,-10.179769448974415,11.80861991194253,-9.292665358620601,16.889672442999963
2001-05-19,-11.844840509141134,12.049342522979947,-9.173515036921458,15.885363742304085
2001-05-20,-11.77063166756731,10.975547613323615,-9.906083268375339,17.24359858640512
2001-05-21,-13.436104089266088,9.897115276868574,-10.545575039195404,16.462907321903604
2001-05-22,-13.728763556032408,9.934905417247586,-9.989212790071043,16.7198369591919
2001-05-23,-13.767152073211411,9.668105567273505,-9.834018961098502,16.495592535358487
2001-05-24,-12.826616106365382,7.826776973546154,-11.616104239289072,14.676084203213689
2001-05-25,-12.755039244243893,9.267657294202706,-11.596991180294909,15.160548659578772
2001-05-26,-13.628029749642739,9.235569274679236,-12.809555163070586,15.485165525184783
2001-05-27,-12.805741638575938,8.253393792840015,-12.891340521533198,14.756046337196882
2001-05-28,-12.091101316444576,9.829948357773858,-13.439033897072305,15.666288895465103
2001-05-29,-12.147947282340295,7.71208212023093,-14.214820770991919,15.230160220629937
2001-05-30,-12.771372473641785,8.865051342600886,-14.492845177697212,16.152189856399502
2001-05-31,-12.89237340256311,8.2035010088977,-13.366193972217454,15.343268653150927
2001-06-01,-11.777656296827255,7.7506740429280825,-13.352654922532396,14.209608554276176
2001-06-02,-11.661890499115465,6.054365526771815,-14.101687354147291,16.02825859293177
2001-06-03,-11.433575717020243,5.82207716378729,-12.464452915882852,16.718688988249664
2001-06-04,-12.381205321602456,6.504198864720877,-13.002654186793576,16.544834468764833
2001-06-05,-10.265391730692963,7.028388586875853,-12.00819093038305,17.22813003351887
2001-06-06,-9.595286404050036,5.458262681255713,-12.493376486609378,17.723786745825695
2001-06-07,-9.238100689485218,5.684727633846436,-12.332613671904419,17.91646311293458
2001-06-08,-9.412886835091644,5.796267609508697,-11.792198266283675,17.76874651350689
2001-06-09,-8.723007437601604,5.327064412958669,-13.426679265719052,16.41879486209761
2001-06-10,-8.846138774667896,5.273902449338833,-13.612270517794924,17.223974561299077
2001-06-11,-9.71667203930731,3.6356907027459293,-13.226622846883217,17.354458639413416
2001-06-12,-10.169531271091985,4.992190138996848,-12.681050297183123,18.129153548469567
2001-06-13,-9.60436830643277,6.519094452461944,-12.878335450784803,18.113447268056458
2001-06-14,-10.538315346379097,5.137624839368533,-13.798668122679196,17.65882663138171
2001-06-15,-9.583509692594404,4.808686387100945,-12.849788916571141,17.381976374729305
2001-06-16,-9.796946946917053,3.3256355057617073,-11.924790869885923,17.73952267203072
2001-06-17,-9.77123907345016,2.1330651028634895,-11.10007031825797,16.550158923341073
2001-06-18,-11.279343135569302,4.156650994550409,-11.090813738387757,17.602238571679585
2001-06-19,-10.705420977423572,3.9630352806404403,-11.627343874493516,18.845214955615727
2001-06-20,-10.711302009920109,5.38317862540258,-11.23996567040839,18.034158597807796
2001-06-21,-10.856446355419113,5.226730679022294,-11.92007954064563,17.73635402970914
2001-06-22,-12.450748893412777,4.9524262461796775,-10.85779905534852,16.753633037927884
2001-06-23,-12.193303020938314,6.346739422423796,-9.229520897459773,17.04493966232297
2001-06-24,-12.7319986903691,5.516443217822667,-9.301693836771198,17.615791719562132
2001-06-25,-13.0483649414219,5.423837726745655,-9.768442562367099,16.61784105786522
2001-06-26,-11.274638043797067,7.108443013615615,-9.35751640732509,16.03852417291852
2001-06-27,-12.314024060657786,6.350994822696562,-9.078287481053492,17.3053997305057
2001-06-28,-11.76180268203143,5.35199588943564,-8.908487933864865,16.203342547692962
2001-06-29,-12.513920530907443,4.937677028090041,-7.947377707445165,17.511252149063385
2001-06-30,-12.954951352462754,4.320585132056953,-9.006197785570297,18.58999711991127
2001-07-01,-14.154649425364651,3.66108602148629,-9.255318147335146,16.767817552849444
2001-07-02,-13.9303812952411,3.36619271745696,-8.033267506588697,17.074770816964985
2001-07-03,-15.037462828046166,4.553797024838508,-7.04681162921848,16.530276067507153
2001-07-04,-13.924811498104026,4.867051393040031,-7.3099528312955915,15.03375469604541
2001-07-05,-11.122442175617078,4.058876317463336,-6.68426164380332,13.672473363173953
2001-07-06,-10.75675703108231,3.165321460391545,-5.658243825451533,14.24596289249826
2001-07-07,-11.051476837228408,2.6477779512397346,-5.107204586023273,13.84478484912708
2001-07-08,-10.704471888609373,3.4785410092805567,-5.015807688611194,12.147397254722677
2001-07-09,-10.702488727646285,2.3668994178463,-6.268484269035563,10.577476326165401
2001-07-10,-11.796452958229573,1.9493604471588368,-5.123703327994929,9.666232689090716
2001-07-11,-11.33754602260182,1.5890901225655563,-5.658150994606025,9.549546117391868
2001-07-12,-10.56853194787041,0.7420012386248551,-5.665262412841987,7.552836738068793
2001-07-13,-9.320269278477683,2.8743791332115904,-5.120276045812901,7.083008275394343
2001-07-14,-9.89954342501327,3.5123450688097977,-6.953114674844134,6.82124557840124
2001-07-15,-10.482019604990619,1.6805799039153786,-8.734384975320417,5.7610546305575205
2001-07-16,-9.760482109698074,2.7583782166887394,-6.368531338235281,5.355427496539258
2001-07-17,-9.703575067242234,2.8155707514751067,-5.925736188920607,5.845507649802116
2001-07-18,-8.100548628745598,2.573198495002559,-4.666548190421347,5.741817432281442
2001-07-19,-8.423448727409747,3.71619528067955,-4.791377782769779,4.890175567471608
2001-07-20,-8.511356853556624,5.017705477561092,-3.9021988538995895,5.367547733636993
2001-07-21,-9.949204280163674,4.724132910339508,-3.2899198879942375,4.280433887829721
2001-07-22,-9.103965601117531,3.5936942339873768,-3.9335607280745655,5.828198873569029
2001-07-23,-9.12478595467411,4.711368912078146,-3.8641880047481147,5.563592019846651
2001-07-24,-8.500509238942287,4.673550175418854,-1.871098185000118,4.253962202693794
2001-07-25,-8.520537536348742,4.50778414953185,-1.8189343978405055,6.266603350507897
2001-07-26,-9.427955270820089,4.875079841447152,-2.9310472688863918,5.697056603712814
2001-07-27,-9.798441600130808,4.023593445045195,-3.7956543426553218,6.252501938714725
2001-07-28,-10.675023153774145,5.206723472183158,-3.4111475726633267,6.471563849569853
2001-07-29,-9.781570455166653,4.047284389229335,-3.027221833458178,7.587149990646854
2001-07-30,-8.478519777229085,3.951493430955708,-3.842006079094703,5.7261647776062246
2001-07-31,-8.030435133058983,2.0980757765585922,-3.591613385564555,5.76680674671397
2001-08-01,-7.540966642379272,3.173830818123161,-3.2347895674059775,4.578394851231983
2001-08-02,-8.322557121074848,3.640850294920429,-1.89089721401439,4.637405393922724
2001-08-03,-9.735414862967161,4.1487466790629215,-1.3840950008314374,4.487286486447144
2001-08-04,-7.5595275909838815,4.6366582940841,-1.4213540276629355,4.425236902985296
2001-08-05,-6.18546425476246,3.225514390321872,-0.8871437192818696,5.1675362748601295
2001-08-06,-5.391837286652771,3.5271975708326098,-1.4460903236451066,4.9305558033515835
2001-08-07,-7.089868565467329,5.291016594862953,-0.5998549678584519,6.642376458551511
2001-08-08,-7.579502207984067,2.925741761385695,0.9711713333353487,6.070633859382982
2001-08-09,-9.569592500794085,2.7791952246900316,0.08930009191320787,4.3948579479725485
2001-08-10,-8.83682733705915,2.684295881956323,-0.7875632151593918,4.909203597282804
2001-08-11,-8.886937804508733,2.362321934180485,-2.0655095808879134,6.771439584244216
2001-08-12,-7.930132596948283,1.8696674780034328,-1.028887963723736,6.161476851527821
2001-08-13,-7.524830172013593,3.9096020442207404,0.09485051945314216,7.108407569270616
2001-08-14,-7.441750223906278,2.628464446938418,0.01761981344379203,6.661613500537457
2001-08-15,-7.848438127991685,0.5921566095034962,0.5945697793544701,5.386414376923085
2001-08-16,-8.228888320148954,0.7670617953334564,1.3805535562429916,6.091010506799475
2001-08-17,-7.428323737486035,0.37034718260543265,0.8590330269443027,3.9033767618603843
2001-08-18,-6.670851978484549,-0.09637835526916405,1.9581928749487325,4.850969204418119
2001-08-19,-6.706769810667742,-0.5687794467195866,1.1640179277802305,5.448319662423423
2001-08-20,-6.366048562857008,-0.7290041975464201,1.653932916221568,6.31224684792586
2001-08-21,-6.171761268934202,-1.6306275825263614,3.4654422824885884,6.612679309924186
2001-08-22,-7.429689353529117,-2.314760891639659,2.476803978838552,5.697616107302864
2001-08-23,-7.141803250218636,-2.8046175913517652,2.030868320260974,3.7887146910906373
2001-08-24,-7.849020833631124,-3.172364010181736,3.161712911733984,2.9342102870523545
2001-08-25,-7.795165445397994,-3.907748487533541,3.8317399000422574,2.336241042964052
2001-08-26,-6.139303627008186,-3.8295156009322433,3.6650837938070344,1.8849419152083646
2001-08-27,-5.688080566622525,-3.496360233169081,3.5893771595124364,1.6977799305815058
2001-08-28,-8.071667869541496,-2.789810578759541,3.370000177227358,1.6070971128036502
2001-08-29,-8.651473029418094,-1.9539047096216327,3.2970717114668986,1.3468512454482562
2001-08-30,-8.070088865719145,-3.7388707193587747,2.335477384991891,1.9645728718162425
2001-08-31,-6.372258098873714,-4.063141093099946,3.5965465167289885,1.9150579718665384
2001-09-01,-5.94617998529687,-4.755966726939165,3.4118902410284173,1.9289734056344465
2001-09-02,-5.250535875235389,-4.60684050624255,3.2387004686675605,2.276025548204617
2001-09-03,-4.525114411045591,-6.346048463674231,4.0592906288082204,1.7540132084621778
2001-09-04,-5.0611323745599375,-3.237498221820744,3.5722519219552162,-0.4757632761606345
2001-09-05,-5.213626896292422,-3.094094992862823,3.476001037500997,0.6856959672089171
2001-09-06,-5.761133763269301,-4.122238868881371,1.5209354054472641,2.0596027777770107
2001-09-07,-4.844346087236774,-4.427635333444285,0.43880481337514765,0.5968581127014612
2001-09-08,-4.826057988219059,-3.59010254070203,0.101760320501743,-0.20211896044650812
2001-09-09,-4.415082487794539,-4.87243111164021,2.018520046991162,-2.4347927147959814
2001-09-10,-4.940437754386055,-6.044865188575711,2.4281088807667035,-1.3849444421477328
2001-09-11,-5.840978408444231,-7.29748514011641,2.0326951755606255,-1.3992934141722428
2001-09-12,-4.559595239959711,-8.594819902708815,0.7830535947739843,-0.32722302064216935
2001-09-13,-4.053384046089491,-9.625343335688871,0.3703925075935912,-0.5667978639691034
2001-09-14,-5.568753584511786,-10.287871265017987,1.0554537825853365,-1.5365630450728713
2001-09-15,-6.157739411231566,-11.094573560681825,1.6172391553893057,-1.3939213213622879
2001-09-16,-6.9958132562218145,-11.162918093204828,1.8640597033391084,-1.729554351356218
2001-09-17,-6.3075698214057345,-11.584135129810726,1.4761732892156916,-2.008147686439519
2001-09-18,-7.048133731854188,-13.393693180874202,2.368056710224087,-1.418613424376741
2001-09-19,-7.911386321851839,-12.927066341113147,1.2344404313366182,-0.3560983619616549
2001-09-20,-8.599741271997482,-10.387701407804384,1.2990644108420522,-1.0669350383812986
2001-09-21,-6.3086983442507005,-10.526849672007016,2.347864720744533,-2.004343349652207
2001-09-22,-6.928158547234893,-10.41622132149353,1.4092266273286362,-2.4472947067933726
2001-09-23,-6.969253339249527,-9.908846261702065,1.4676786893388802,-3.6335753171430163
2001-09-24,-7.192279362163277,-10.023897350983518,-1.411327183050781,-4.421882621116847
2001-09-25,-7.194196734434157,-9.167244143436847,-0.4326721606591022,-6.197643204164403
2001-09-26,-6.975754010518287,-6.723181041049326,-0.7544799918807031,-5.553107923809816
2001-09-27,-6.793210686646826,-7.6642542247023915,-0.9647816453180738,-5.351749050454831
2001-09-28,-6.022747674853781,-7.603291270491008,-0.45170557620721663,-4.93222040764855
2001-09-29,-3.356254914460537,-7.372972011042202,0.6038464768481104,-4.756577066639554
2001-09-30,-1.606617163684747,-6.725527168956867,-0.1318838197846458,-4.423307984581618
2001-10-01,-1.9695487335641026,-6.542161863476954,1.7854151904682318,-5.172130937687868
2001-10-02,-3.1065977671535845,-7.000747013038075,0.7933364325243861,-3.915386859634964
2001-10-03,-3.758344493286759,-6.45999909473753,0.07248666878397114,-1.9330491290414955
2001-10-04,-3.388937875631471,-7.03626082420204,-1.2273568977318554,-3.1617202185657627
2001-10-05,-2.049479600813244,-5.59967214445248,-1.6577944869585006,-1.9246984669541554
2001-10-06,-0.8385962083498688,-7.022076824599763,-1.6243800406375632,-2.97181877660509
2001-10-07,-1.216207675851512,-6.55733584194834,1.1185465225812214,-3.3052306554142645
2001-10-08,-0.9518761612862889,-8.224527758299374,2.2249463228541,-4.350738634953631
2001-10-09,-1.1681654347377257,-8.130584832132262,1.2113402712279318,-4.051430010679812
2001-10-10,-1.3480521896830202,-9.533762256545861,1.3840370366463235,-3.555450930570863
2001-10-11,-0.7136532838779985,-10.211863208989916,1.918206000628866,-3.9506943260878318
2001-10-12,0.46319662499025505,-10.905844464701238,3.2642789923020077,-4.23662719212042
2001-10-13,0.3899498924791849,-9.132858655118264,4.9104574750445735,-4.07669615974416
2001-10-14,1.0309435834804415,-11.651127081780425,5.008382892175286,-3.861706208313655
2001-10-15,0.9974001928869277,-13.372430008323327,6.518226543746349,-4.9883655129863875
2001-10-16,0.8849382224362056,-12.401613617515919,7.808049907413973,-6.296708196189892
2001-10-17,0.877261721042684,-12.2127568984687,7.715195324417326,-6.879810688558309
2001-10-18,1.1591725161512352,-13.05483136637448,8.579716888783357,-6.646934591378517
2001-10-19,1.513055978101362,-12.372735273719599,6.8139495653334565,-4.945562540109731
2001-10-20,1.9300577996248938,-11.71453319144575,6.200738735696266,-4.302137715616343
2001-10-21,2.034854106195789,-12.376632641244338,7.47795609127856,-3.388726843894402
2001-10-22,2.6497340015888704,-12.129009234905169,8.295712188235258,-3.2674354389217393
2001-10-23,2.021844053102931,-11.515083208623366,9.066743221334502,-4.006606678389825
2001-10-24,2.590171081059075,-14.090962302841096,7.51508142351689,-3.120942628114258
2001-10-25,0.9377719696686204,-10.815144597242512,7.562255812408514,-1.7187001594151956
2001-10-26,-0.2560008575712902,-10.107172536885484,7.068764582245639,-2.5946693640314065
2001-10-27,-0.34045557779216007,-10.702771470971495,8.462325589949106,-1.3129643930601784
2001-10-28,-0.24942825959485337,-10.662811161650819,9.274110328632531,-1.0238229170192938
2001-10-29,0.25108572990603484,-11.048025614416556,9.864516974488229,0.5527024726801346
2001-10-30,1.2021120230059048,-10.617861905254015,9.271495199245923,-1.693913340954904
2001-10-31,1.4610721592114797,-10.674229574908782,8.797975808929877,-1.6411242270243738
2001-11-01,1.0149534965371836,-10.104425432502126,9.26396953463335,-1.716240689071588
2001-11-02,2.01439238747607,-8.930499857395448,8.333330240705456,-1.0408794276350637
2001-11-03,1.479598985958686,-8.020102126157092,7.7887041693999555,0.2563038937591975
2001-11-04,0.8396117809754239,-7.5310562955551905,6.354178783425052,0.5355348532941491
2001-11-05,2.1141800848908083,-6.411147393269697,7.1046458342683785,2.7547145516851392
2001-11-06,2.021596248935601,-6.679079374360573,7.492935739271405,2.383969492249748
2001-11-07,2.697495632741349,-5.679771528328783,7.398338848503699,3.7864063289652954
2001-11-08,3.036643679134899,-6.279715523564684,7.063087103687575,4.375889307384444
2001-11-09,0.954499337985065,-5.313230621780956,7.10101567431454,4.564066301112964
2001-11-10,1.3301708564522214,-4.443253488850657,7.0541732059133055,3.4589012207246013
2001-11-11,0.6000265072202725,-4.364728060280684,6.350872462202908,3.3038280130270943
2001-11-12,0.944088657112895,-4.607830711178988,7.270775104154956,1.5410811910293993
2001-11-13,1.9817848170965018,-4.555913498098287,7.195936913834668,1.9129331656510264
2001-11-14,1.8441751209968607,-4.98934837722914,6.159866880282278,3.7386338150416343
2001-11-15,1.2331487764933864,-5.287828709779755,5.000926566149209,3.3392268264375207
2001-11-16,1.7444867660758114,-4.840010600040859,4.347690339886728,5.13212688108995
2001-11-17,2.2476371049259205,-4.739410636693683,4.8216387405128085,5.779970583428208
2001-11-18,2.681428040432826,-5.082883135732009,3.157128678791605,6.956685305214419
2001-11-19,0.9930655200843326,-5.478993411463504,4.766342766480962,6.633326018575119
2001-11-20,-0.1795997242271241,-6.088122737614654,4.843867250425697,6.890756837360585
2001-11-21,-0.6588495946988897,-5.213976828118787,6.166593323647117,7.906896179152748
2001-11-22,0.6449956112560522,-5.802731045067809,6.019879393781497,9.327303319994765
2001-11-23,1.0288012120616177,-5.165712418357575,7.68965208233671,9.627414224285765
2001-11-24,1.761822386674695,-6.187759138531422,8.804727582031983,9.80036600493746
2001-11-25,0.7829658288945601,-7.403848908546616,9.315503842332465,8.962956544839429
2001-11-26,1.2173716587964667,-8.052981851608985,9.713900675231026,9.479139962626519
2001-11-27,2.564974395853843,-9.471982699598499,9.130095304634942,8.26865247997745
2001-11-28,2.7021292233765677,-8.836898822453533,11.061669786327576,6.804400978661472
2001-11-29,1.8872826561128342,-9.943614684879762,9.356932899708076,6.900859566944198
2001-11-30,1.953983394954774,-10.528765273412795,10.219769916301109,6.726203296959938
2001-12-01,3.2583876386434567,-10.477098580353884,9.540484928315568,8.171007801706578
2001-12-02,2.786757961199647,-13.015901910328537,8.029521675586404,9.13827457630219
2001-12-03,4.351297871873341,-10.537987196781803,7.302486100712795,7.236891850920368
2001-12-04,6.3900912772700496,-10.598342697593715,6.912726341746418,8.056745442163407
2001-12-05,7.34470636182614,-11.199830388047845,6.96382380420132,7.55082623321772
2001-12-06,9.0135836274193,-12.248388536831465,5.222729146435021,9.02427730998106
2001-12-07,9.016807037357006,-12.452199229222261,5.5296241542120725,10.380113126231333
2001-12-08,11.358893091160162,-12.807916766981988,5.916594868533665,10.07150246310906
2001-12-09,10.717563076538315,-13.460393510263915,4.510378913011834,9.552372482823714
2001-12-10,11.626769668432013,-12.965642447401345,4.861637311194223,8.452900345866809
2001-12-11,11.031193816600409,-11.626554267146405,5.149106932483743,8.713675155897153
2001-12-12,10.10310102531028,-12.064950548135135,5.636734675556219,8.468740691678704
2001-12-13,10.64819800369534,-12.5300747407054,5.503001713787915,8.134514034629518
2001-12-14,9.701924865138672,-11.889369670780756,5.696260121342281,8.825997299227586
2001-12-15,10.031123541550732,-9.122234489880022,5.802326454567788,9.647405449896912
2001-12-16,9.453117048217779,-9.63947373784088,5.446870915145754,9.5097470652775
2001-12-17,8.671905811724994,-8.641876965673001,6.383643460627318,8.488928746030043
2001-12-18,10.343989861749588,-7.305305075672523,6.596939747404791,8.652426826628862
2001-12-19,10.424470237642225,-7.363082039510145,7.116002458677791,9.308800368747354
2001-12-20,11.131381798817825,-7.722610781543841,7.073654881621156,9.133999967100115
2001-12-21,9.686521277505555,-7.159081417525426,5.915885982601825,10.092135593153111
2001-12-22,10.894096164055412,-6.562284632718611,5.026392148898151,10.314262179967622
2001-12-23,12.678232878332983,-5.043473153208109,5.02797977596844,11.777645675951895
2001-12-24,12.655012183471984,-5.122411509401818,3.918477340069404,13.550514704305414
2001-12-25,13.924852807934343,-3.264319744979334,2.872011513765196,13.435445031258958
2001-12-26,15.997797440560058,-3.3540052759972445,2.7701741251360112,14.163922946314823
2001-12-27,15.318164454669466,-3.8306206761012347,3.2507866333503213,13.661926592982745
2001-12-28,15.156155572986984,-2.7032781862251776,3.0203935876593575,15.02580963717819
2001-12-29,14.576455256596903,-2.500242430176146,3.1746347505359838,14.819356731080916
2001-12-30,14.761465238843117,-4.145626894878244,3.853429171458294,14.381828793740395
2001-12-31,15.223623303364347,-3.658663148933014,4.263544445269491,13.01561173432259
2002-01-01,13.580752098761348,-2.3100001865453237,5.247840253829594,12.752030998029902
2002-01-02,12.032770179627628,-2.0903442214386825,6.125830590137923,14.234591887266367
2002-01-03,12.482080220321148,-2.646720272938575,5.869776879646648,15.05597911450566
2002-01-04,13.156589160406025,-3.5862227570032585,6.010535730558855,14.72524110409177
2002-01-05,16.161093590665185,-3.783410808365956,5.430454825474196,13.495857862724286
2002-01-06,17.17608467915369,-3.043120543009106,5.031505323049651,14.39860442934206
2002-01-07,16.70401993692924,-4.010999249778145,6.5834170221164285,14.378315488008747
2002-01-08,17.56700501442305,-2.350185508872845,6.8966331889772725,14.890694842705413
2002-01-09,17.56965462773838,-0.5452468812649562,6.906147228007304,15.555824086956381
2002-01-10,17.346604685930508,-0.4638533063475555,5.740656958474242,14.747965760508423
2002-01-11,19.04373086451676,-0.4451148396225791,5.160715186122834,16.244623831591717
2002-01-12,17.113645226067757,-0.8492012772997253,4.460868064413782,15.46145127300501
2002-01-13,17.105687387642444,1.227198375765234,3.309687504402695,15.065449351610692
2002-01-14,17.02484903549763,1.976288998378356,3.548619523053208,13.73091359743796
2002-01-15,17.08761588126607,2.2655273496329196,3.043432936225524,13.374889475965809
2002-01-16,16.990004736606053,2.191084068361615,1.5466251455938258,14.834459553418148
2002-01-17,17.793817705670524,0.7954706913338674,1.6998078627109674,15.337820185475419
2002-01-18,17.178734525538466,0.533107744737388,1.9696681030749015,17.50451610630231
2002-01-19,17.286137452121352,1.320417992617194,1.6187795740383164,16.741483590857424
2002-01-20,17.5946628513171,1.6170738691156026,1.6793621207328928,18.79645011008187
2002-01-21,17.473549323643855,1.4224645361904704,0.8753358282951968,18.79560621944555
2002-01-22,18.28033871176663,0.8987834128492571,-0.3738904012733364,19.818519992530128
2002-01-23,17.346056242973717,-0.057979808809193845,-1.598063763653528,18.966715584847602
2002-01-24,18.77705358291575,-0.5133118998886519,-0.9975259356494433,20.323842196214954
2002-01-25,18.412596590701877,-1.286456591795527,-2.7037788218332843,19.82825193144464
2002-01-26,19.971711333061343,-2.8592903712194238,-4.347071335770868,20.672257853333882
2002-01-27,20.67833440963408,-4.272256213605739,-3.9656754315810523,22.42679155549823
2002-01-28,20.270290873763912,-3.22042564358912,-3.187070730061358,21.326508293199566
2002-01-29,19.977411256691354,-3.089933865562241,-3.671262591222437,21.20055323037755
2002-01-30,19.76935960806882,-5.058184274359997,-4.254556160398632,22.19549690571895
2002-01-31,18.8221151665738,-4.937822622732745,-5.235147434453949,21.09935785842281
2002-02-01,20.307440276226163,-5.640314370315155,-5.666501633824824,21.34031238733026
2002-02-02,21.503533444513057,-5.904220565532594,-6.630399430667813,21.563816576665815
2002-02-03,21.1675895203144,-6.043205818562791,-6.400123752971105,21.871784624164825
2002-02-04,18.522437076355548,-6.763975919317505,-5.949384969107936,22.51949732980564
2002-02-05,18.03343740261025,-5.710251301068915,-5.135645697060798,22.001457051691336
2002-02-06,17.559320877992885,-5.947337297617089,-3.5640455894974203,22.568533494633478
2002-02-07,17.56426202728942,-5.410963185058145,-0.23459861783399916,22.26929464420388
2002-02-08,17.086171508777845,-5.790370720675059,0.13337747618925694,20.478493043544002
2002-02-09,16.73785137508445,-5.976678373590446,-1.4453336248612443,20.15391913029201
2002-02-10,14.9516213195912,-4.558121505127521,-1.5336385220750193,19.05829002364365
2002-02-11,14.54895117405141,-4.638392626697134,0.2209973459812984,18.86342635275308
2002-02-12,16.370160594647533,-3.728920024939085,-0.1841487721420038,18.853282673447925
2002-02-13,18.197773634660507,-5.048884759813921,-2.1676762178524926,19.391026251591835
2002-02-14,17.005689302734933,-4.908289345093501,-2.9655965893948695,20.594632655347112
2002-02-15,17.597393657823226,-5.9604659407087315,-0.6333136199050253,19.365008354296712
2002-02-16,16.8208708271843,-7.6554114842393535,-1.613955130771767,21.607608428955622
2002-02-17,17.55973931162419,-7.431386586865766,-1.5755356171116963,20.757727075364983
2002-02-18,18.123731469083367,-5.959063536417343,-0.4131955225296893,19.800829028815823
2002-02-19,18.64579494847275,-5.941939009751644,-1.0319927882405313,20.99284619569483
2002-02-20,19.193613795419857,-6.720752551753793,-1.987379825390881,22.224871181353897
2002-02-21,21.193331834881704,-5.808759017085011,-2.193433645201995,21.318525047510356
2002-02-22,20.895168922521794,-5.6617749909705655,-2.3377698902392035,21.998616165113408
2002-02-23,21.145919892130554,-5.836320592937967,-3.8964415485820627,22.362970446208873
2002-02-24,21.26973867324729,-6.124854227109684,-4.841709175906769,22.626199034758784
2002-02-25,21.02052002111625,-4.229987663333998,-4.974154906266383,24.250027511182335
2002-02-26,19.504532867380703,-2.9406693712049368,-7.437999196686329,23.838202728944072
2002-02-27,20.54529784879921,-3.3742596428574996,-8.188403659947339,22.671361394898938
2002-02-28,21.34809364260169,-3.7293418380498693,-10.110981766738506,22.377281024433056
2002-03-01,21.480773489600153,-4.028623691027845,-12.549892087403109,23.479362897680012
2002-03-02,22.504717156065144,-2.8342705679944613,-12.757484357375702,22.64305685882662
2002-03-03,21.358804435046466,-4.363558526208415,-12.558262553738672,24.02732723966168
2002-03-04,22.946126627996954,-4.697159089511594,-11.742701470196904,24.029945305997504
2002-03-05,22.835483779471996,-5.461070121214864,-11.385754918582649,24.06953124937429
2002-03-06,22.4457308656788,-5.406088349533444,-11.316004689370468,24.32948021816214
2002-03-07,23.22301920943306,-6.091139600912816,-11.10657043885397,23.573279379652085
2002-03-08,22.951598431082683,-6.091164508118501,-10.546014372318995,23.36610882392886
2002-03-09,21.80264803063642,-7.189207923241276,-10.131919695405468,24.96202906159957
2002-03-10,20.70729590824464,-6.1481455751117675,-8.550658094591842,25.189851196352418
2002-03-11,18.46559521879551,-7.75481485238715,-8.891419064709945,25.489727964276952
2002-03-12,19.95125881318218,-8.088291422678362,-9.18146339993044,24.922959987775926
2002-03-13,21.069926960609695,-8.166636208622114,-9.385633838252755,26.279530304083963
2002-03-14,20.910721130227422,-7.10040606850855,-9.264333084756377,27.71017918172286
2002-03-15,19.00944514047948,-7.021479083918053,-9.484784251870519,26.18390384015299
2002-03-16,18.214766698427272,-7.421617173175537,-11.344834882063397,25.78087730848429
2002-03-17,18.22394053455836,-10.072694790985558,-11.327372027118916,25.953511203682524
2002-03-18,17.52595183762111,-9.26807608102848,-13.652556287236143,26.724222279249055
2002-03-19,15.963978708925366,-9.519897200330135,-14.380309879380254,23.629709402750752
2002-03-20,17.13957364653381,-9.543301874422765,-14.569597065728752,22.83506367942087
2002-03-21,14.801037933114303,-8.270553289336355,-14.48838692020414,23.165265772929825
2002-03-22,14.50688575876214,-8.966759849444268,-12.59527472166387,23.015112078700767
2002-03-23,16.567427342420086,-8.091745293153274,-12.892826111597381,23.6675527943284
2002-03-24,16.513385130316998,-6.995224566279265,-12.947633514108428,26.919717970142734
2002-03-25,15.771447798943539,-6.59963197936691,-13.819046301247832,26.52684590371298
2002-03-26,15.008542323362398,-7.765562105598354,-13.593011511746527,26.435607542298555
2002-03-27,13.626460250648021,-7.83626511079952,-14.333833842387614,26.925391039095505
2002-03-28,13.901555354669389,-6.606247739340594,-16.104851533208997,27.390592185389693
2002-03-29,12.726365587467942,-8.553340566200049,-17.352356508322412,28.484818605099424
2002-03-30,13.036533166967207,-8.693702568383154,-17.63061554119113,28.795940629830262
2002-03-31,12.036541537569677,-9.884507677915405,-16.916360388156125,29.31796442198811
2002-04-01,11.331741144063383,-10.636735090680714,-16.852434270857124,30.582790628362904
2002-04-02,10.850659004529573,-9.754637173077313,-17.055714393664683,30.036804333348886
2002-04-03,9.520145869813106,-8.497105114996886,-16.81699105181207,29.763216918461236
2002-04-04,11.509561326832905,-8.504982218987161,-15.42732672440422,30.366895654590305
2002-04-05,12.113608560481051,-8.405269512326178,-15.56537454729159,30.558540209219593
2002-04-06,11.29092808580886,-8.134480039710711,-15.021494528621542,30.204170482522624
2002-04-07,10.029652909041744,-7.77923035714175,-14.946187694701704,33.10769824064812
2002-04-08,8.902307517992698,-7.417672845023272,-14.377358276006987,31.924577595456956
2002-04-09,7.186112337989717,-8.441529883056985,-15.507828705685004,31.289204218466423
2002-04-10,6.719341236547731,-8.388980768587892,-16.150575281539048,31.149194239519762
2002-04-11,5.437125790453255,-9.530800595667483,-17.475993336458227,33.418833794807696
2002-04-12,6.14407678665798,-9.910985118847735,-17.06039622407294,33.20400576287408
2002-04-13,6.625181354218576,-9.97030874474714,-17.190765363746817,35.76549413144132
2002-04-14,7.352109427653039,-10.698117004096076,-16.09142482482076,33.92381315421223
2002-04-15,7.555333619261602,-9.957847186523217,-16.60480664307469,34.760325056813585
2002-04-16,7.207942354941688,-8.728667597316756,-16.278931746603277,35.484114328073964
2002-04-17,6.793410409850004,-9.513057506504646,-17.307004152337377,35.185844346540904
2002-04-18,7.091689145619778,-10.24197290342968,-17.578910616689157,34.258072539684306
2002-04-19,7.435260417342155,-10.6633106991205,-17.249692598437917,34.88129876770674
2002-04-20,7.380888107388731,-12.741595682901124,-17.49807921583417,33.08183831542505
2002-04-21,6.812390075055674,-10.922261593828187,-17.340733525062785,33.909347754443885
2002-04-22,7.896412879134444,-9.44296951553471,-17.47844784250669,34.57846130621117
2002-04-23,7.197202259802623,-8.706063425154056,-18.67661773327815,33.492772083782945
2002-04-24,8.993070810207593,-8.483335940564286,-18.280994687748468,33.55706662267715
2002-04-25,10.526863919082881,-8.643628573635244,-18.899445494302427,35.47307399784875
2002-04-26,9.965362629976852,-8.756257729013651,-18.76224886858576,35.69099537490383
2002-04-27,10.932014185260229,-10.220535818771982,-16.931050699618392,36.64182057648742
2002-04-28,10.04069908674903,-11.328120517114876,-17.132153884980525,35.070961408314
2002-04-29,10.479636019703127,-11.03186796856546,-15.625746164243012,35.645383790503395
2002-04-30,9.294009658201064,-10.78893705422867,-15.329946868065148,36.75423139120208
2002-05-01,10.197767825615236,-10.850566142090951,-14.462098080610557,36.40123597833954
2002-05-02,8.316680251568792,-11.331508637409314,-14.357801523151663,37.68553315496818
2002-05-03,8.133170191928514,-9.801336465618443,-13.638321128385956,36.03134940524298
2002-05-04,8.918380465492032,-10.347740709855229,-14.44952358542497,35.30034516080623
2002-05-05,7.931828182998985,-9.424892748864533,-13.171630967597906,34.69104803885318
2002-05-06,7.672163660874578,-9.21588787541964,-13.191333873830663,35.07040437010285
2002-05-07,9.437108081770953,-8.366353209471942,-11.15150030059932,34.53021268529149
2002-05-08,7.385525688401925,-7.180506769036612,-12.681806275728368,33.96277331222111
2002-05-09,7.707639736197705,-9.08086718345765,-12.77394017234543,33.62041728433653
2002-05-10,7.807983320446375,-9.680034532867534,-13.784766773798971,33.29304229218908
2002-05-11,8.5613030263871,-8.804042469372522,-12.923847089159612,34.73458001248734
2002-05-12,10.033741700835133,-7.965221595126713,-15.073029067219052,33.331175664910795
2002-05-13,10.212879750247634,-8.099827039258573,-15.391297563728083,32.37352007572238
2002-05-14,11.159434984034892,-7.803076556193524,-15.48248317719755,32.08533577920251
2002-05-15,11.158976547725523,-8.248066886455549,-15.59693111867846,30.358276073185095
2002-05-16,9.944594042571115,-6.76468932726783,-16.479430791265955,29.204734084623748
2002-05-17,10.64067418347422,-7.013184348281069,-15.906685764684706,27.94294282209631
2002-05-18,9.406332720834348,-7.364418954757179,-15.88875471144846,29.65379233881555
2002-05-19,10.269660579570884,-7.706696624451684,-15.826156314342203,29.565131340453274
2002-05-20,10.662914797348686,-8.260509708722108,-14.871615689628893,30.197754334394983
2002-05-21,10.930582460644416,-9.12919626419693,-16.21011311911385,28.0740142860902
2002-05-22,10.556503105117413,-9.393332988480884,-15.949135453825857,27.887927274592844
2002-05-23,9.734653337901305,-9.004748573039318,-16.079159904761248,27.76986567589317
2002-05-24,8.915978098693135,-8.529543226211736,-14.145935511830698,27.966338803789753
2002-05-25,7.95097343431021,-9.304839902307338,-14.437185480917572,29.391248346220426
2002-05-26,7.700950905056935,-9.771177804643544,-14.384054526395746,30.95461301084419
2002-05-27,6.522074729008292,-9.540154586066484,-14.828358174404867,29.49803555909362
2002-05-28,6.190181383351591,-8.075619379524394,-15.93341358879668,30.227503547223385
2002-05-29,4.017617368460918,-8.467480655564476,-15.412436340717488,30.340390940399462
2002-05-30,4.56222392931049,-9.818843781641709,-14.431175629844788,30.64130563887243
2002-05-31,4.812532470509988,-10.418450005915652,-13.90838845857888,30.35895682451908
2002-06-01,4.490585562118487,-11.828943355133141,-13.864028172086213,30.529893375059647
2002-06-02,3.3924405709182537,-12.1355336789594,-14.116637959116344,31.76499105792866
2002-06-03,2.1925818792291794,-11.48713176150216,-13.399021783930719,32.82139373737019
2002-06-04,2.026170818264716,-11.642097643756331,-13.000191673530098,31.621165219128436
2002-06-05,2.0044245856031324,-11.900815438941118,-12.493389332880366,30.79153173603454
2002-06-06,0.5532380966440513,-12.869689126606646,-10.848323774758715,31.928967426246498
2002-06-07,0.7963685559894816,-14.89199144774524,-9.956248391607891,31.927576982613694
2002-06-08,1.036577575827881,-16.873553342051398,-12.409033131942477,32.057463106363066
2002-06-09,1.7773821072486944,-16.94214509508069,-12.843813338050076,32.95142980555948
2002-06-10,2.655528130008534,-16.994186994945277,-13.514908985835019,32.70190428296458
2002-06-11,2.083571499507861,-18.019524048018916,-13.148357133898418,32.967354935966
2002-06-12,2.6436456367638668,-17.597906248044605,-12.793398737273128,32.933557121403084
2002-06-13,3.4291552456153926,-19.608906853280185,-13.113139097874122,31.40833545245361
2002-06-14,5.302344674129581,-20.22485067069403,-11.2784456769587,32.15102382924608
2002-06-15,5.060993132810993,-20.826786296111454,-11.617398178316744,31.77792111727323
2002-06-16,5.781441765850522,-20.249578253824446,-11.572307694561891,33.13614622730231
2002-06-17,5.139361377051206,-21.497988141244825,-12.591345619119918,33.014887760641905
2002-06-18,5.221719499213155,-22.145334317699838,-13.066976319999078,33.195491749713476
2002-06-19,4.450413355226658,-21.539607907599148,-12.815356324754765,32.993830474914326
2002-06-20,3.1137818568933007,-21.908693122002077,-11.507886247448582,32.85105141542886
2002-06-21,3.907635974249304,-22.20020591438295,-12.233054612700322,32.36962781767765
2002-06-22,3.1253877134759693,-22.080036341721925,-13.415568277352879,32.94822287979469
2002-06-23,1.6155181360481388,-22.789029908224766,-13.206590231948004,33.9544329288762
2002-06-24,2.3058589508138865,-23.450835550369703,-14.166118214498496,35.97774000279563
2002-06-25,3.6268238047779784,-23.75473781172447,-13.602485547439294,35.611222005851296
2002-06-26,2.8513722876758636,-25.282771822307996,-13.05899804503835,35.17019782757392
2002-06-27,3.123224025106254,-24.090545395293642,-12.42361755341846,35.47810155482942
2002-06-28,2.7100195118322823,-25.359619475997864,-11.192421593711048,34.74569896549984
2002-06-29,3.8740766776277273,-25.46039368530265,-10.29074067192134,36.08403938835418
2002-06-30,2.877957517932284,-25.113944442977264,-9.875167660337041,36.54180530048714
2002-07-01,3.412814060404879,-26.01447392210546,-9.023471360907505,38.8588680219675
2002-07-02,2.258783421522333,-25.47757284946928,-9.838534457253074,39.53016658565891
2002-07-03,3.3033911824818922,-25.937016328109962,-11.002544267458234,38.91958386164022
2002-07-04,3.4648799551005967,-24.747057362347473,-11.329334853848275,39.16580981121041
2002-07-05,4.15643352476328,-24.84643790268437,-12.44700137936418,38.370499774999935
2002-07-06,3.7555504393179926,-25.8958727045841,-12.567451244852856,39.04728288330483
2002-07-07,5.325221922383664,-25.77849179348656,-11.692186491594727,40.58747262385244
2002-07-08,5.081700613801856,-24.547959773225546,-10.246600762793385,41.899496221383465
2002-07-09,5.6071337544806825,-26.083590973622027,-10.235024303461842,41.72979630575959
2002-07-10,5.029572763946359,-26.04779109691928,-8.605957558291896,41.204091734224626
2002-07-11,5.305229184943193,-24.42766989744812,-9.07235247142196,41.02328483269095
2002-07-12,4.2213584746452515,-25.687946192939815,-8.616300670271395,41.986585408436206
2002-07-13,4.225644977912901,-23.910555146073527,-7.960158877097819,42.26043620149052
2002-07-14,5.809114778384834,-23.390422954221126,-9.137778112526988,42.62005504541178
2002-07-15,6.195245989610167,-21.91770709322327,-8.39890018825314,41.861117600201666
2002-07-16,7.218597127159566,-21.653875800943744,-10.30167905561309,41.54710192997727
2002-07-17,7.8723337397861135,-22.43658992921011,-9.40191932084358,40.46587968211663
2002-07-18,8.706666469870001,-20.9503869472903,-8.971363368069571,39.27782657813635
2002-07-19,8.641224123147785,-20.83574053170633,-9.21420036631968,40.30268361214347
2002-07-20,7.573486112146567,-20.453784533614602,-8.358922106632393,39.207086574673134
2002-07-21,5.688861592317739,-19.90563245651244,-9.8161965402128,39.06436457384567
2002-07-22,6.626272181387577,-19.74072295405863,-9.46263939172573,38.54762047958754
2002-07-23,7.611571946804098,-20.922662499024963,-8.620110717037392,38.174621551796
2002-07-24,7.550123110676949,-20.14646908844624,-8.796371481554441,37.957371020102286
2002-07-25,9.407164304972756,-17.992547173069354,-8.560295068131241,38.46777001045057
2002-07-26,11.007755067253187,-18.3862247929569,-9.300104896794355,37.60086561265548
2002-07-27,10.72889349121243,-18.40815375333884,-10.050020634799967,38.781625221081505
2002-07-28,11.335340986839158,-19.05763785042757,-9.405008002854476,39.4760504856425
2002-07-29,11.109012883545681,-19.485962019552392,-9.016189104370973,38.94118769482942
2002-07-30,13.094825927764512,-20.415068947472168,-9.355126556999025,38.993647219065416
2002-07-31,13.685753162875782,-21.217489041162,-9.293346856906133,38.1006985324937
2002-08-01,13.741171641593136,-21.42007612399281,-8.473641735325428,38.9219613444125
2002-08-02,13.023790530473281,-20.727122738718673,-8.251943399307507,39.70063124349463
2002-08-03,12.33040090239639,-22.658237300006377,-10.568368416002103,38.765316449320494
2002-08-04,11.931437847233086,-23.529441528762945,-10.353829440311594,39.21042290366676
2002-08-05,12.327351353315052,-23.60172429043956,-10.974367184280188,38.841146616772335
2002-08-06,12.74967592119546,-24.32360632930887,-10.989600202379773,36.549195763610605
2002-08-07,12.65769188647278,-23.64748985853173,-11.55946144605787,38.9293395696701
2002-08-08,12.106639443752425,-24.548170585042307,-11.41966240041668,37.75967424481871
2002-08-09,12.535210297730291,-24.914589543432598,-13.240521126871151,36.634255537001735
2002-08-10,12.01468300568034,-22.577612482461625,-11.870254479765062,36.95062914676637
2002-08-11,12.492086839050238,-23.9811037113495,-11.645255802470988,35.12582066755124
2002-08-12,11.302375427223382,-24.31592758448572,-12.683951398799435,35.543963853577964
2002-08-13,12.371075786465989,-23.275758376049087,-12.282978588400358,34.96716434406595
2002-08-14,12.337212901002294,-22.253583830430756,-11.283567701840786,35.6050818116415
2002-08-15,11.377967996389605,-20.944059211378942,-11.11841539360306,34.69813815099335
2002-08-16,11.210559294457305,-19.34403002569175,-11.151509710686863,34.217745300342166
2002-08-17,9.568662765799104,-21.011453195181105,-11.21964801268914,35.40504718177042
2002-08-18,8.44714899663325,-21.228690523649473,-9.980390283527063,36.04381492915996
2002-08-19,8.215890286137547,-22.329599187203478,-9.599060463855688,37.120336648088674
2002-08-20,7.205685795672155,-22.62753535463423,-10.725674940284762,37.23434840283829
2002-08-21,6.8308630670658195,-22.771505717443862,-10.385265668570092,35.776420455549925
2002-08-22,6.826025831552532,-21.66369902938311,-10.624045716226409,35.68926743570028
2002-08-23,5.640146289860618,-21.44970743546252,-11.435879236112422,36.26458865551317
2002-08-24,4.794260327362737,-21.694477545616763,-11.770844275490635,36.901907087998495
2002-08-25,6.234783439883653,-21.98766087611074,-10.573242388055458,36.14314427676934
2002-08-26,7.397698369253169,-22.81916099687526,-10.868271730868793,35.640142649315955
2002-08-27,8.15814605389244,-23.595931209274383,-11.343220102858778,34.51934081210172
2002-08-28,9.542093190552322,-21.349762587960402,-11.821994692470803,35.52317915188733
2002-08-29,9.979288369479098,-21.73884627047125,-12.705857316954306,34.86206202779097
2002-08-30,10.35235668111651,-21.096275430783358,-12.052351377026987,33.54642022488908
2002-08-31,10.531645786542917,-19.86211454538561,-11.222241251365388,33.49451489862765
2002-09-01,10.260425255755402,-19.48823640016694,-11.464139071723693,33.50956466431226
2002-09-02,10.11154762393357,-18.5135715518619,-11.440609547668018,33.24959669915544
2002-09-03,8.43647321894514,-18.62299181742907,-10.728257583133523,33.88741534882082
2002-09-04,7.41219399934052,-18.275163382662992,-10.23856513769112,34.710179839361665
2002-09-05,6.881738554321104,-17.357186875770925,-10.590304761095847,34.579693313814424
2002-09-06,5.49379590281624,-17.80424140698875,-10.502406478711231,36.443337098156654
2002-09-07,5.527312457844396,-17.18234931181615,-10.854365286150871,36.3197543611937
2002-09-08,4.113513945551974,-17.73074027619346,-10.167020272494938,36.319787766375704
2002-09-09,2.8235235938899157,-19.08494028886872,-10.753643079759835,36.34599367716582
2002-09-10,2.1540665377187214,-19.745094488582776,-11.67190093314537,36.479027068503136
2002-09-11,2.123754721170122,-19.934438352398267,-12.52800209483171,37.09458192236997
2002-09-12,3.129193656090834,-20.01083845152349,-11.813859813788548,37.88767762851526
2002-09-13,4.29442731896393,-21.127788667121255,-10.734849620497123,37.41257993165654
2002-09-14,4.230832921750297,-21.67283494459839,-10.554227081435837,35.75344728753423
2002-09-15,3.6613609756563306,-21.331039270933804,-9.593981013249355,35.780302040521626
2002-09-16,3.5749943867577882,-22.099761744874076,-10.859388953251276,34.154697993354674
2002-09-17,3.5720308053816097,-22.88075132176516,-11.619139897149342,33.54512713658027
2002-09-18,3.241376326852154,-24.70541047710908,-12.553217245483342,34.65101431164182
2002-09-19,2.91249294074049,-25.77733247054226,-13.230437026704001,34.909255023537845
2002-09-20,3.3866728794076275,-25.845933235095675,-14.48002076420123,35.966254237676964
2002-09-21,4.416696548476871,-25.935372438060103,-15.100891120845619,36.176943113117474
2002-09-22,4.896600797745326,-26.324039977296323,-15.892138234280475,34.897910515510816
2002-09-23,4.297554837179207,-26.665127182201655,-17.348567049314262,35.676913337457414
2002-09-24,4.970929652723163,-28.651075890724996,-18.0693604411183,36.86538983913625
2002-09-25,6.04307179458397,-26.43371935972504,-17.807683994844833,37.4436722769578
2002-09-26,6.829011183137077,-27.200793858993013,-17.482481417540566,36.93949785785957
